id,base,name,type,length_time,difficulty,dog_rule,features,dist_from_base_km,detour_km,notes,lat,lng,source
1,Scottsdale,North East Rail Trail (Scottsdale → Billycock Hill),Rail trail,"26 km one way (shorter 3, 9, 12, 16 km sections); walk 6–8 hrs full length",Easy,On lead,"Compacted gravel, max 3% grade. Farmland, bush, tree-fern cuttings, Great Forester River. Wallabies, pademelons, echidnas. Toilets at Scottsdale, Tonganah, Legerwood; picnic shelters.",0,0,Starts in town at the Scottsdale Railway Precinct. Keep dog clear of livestock; watch for snakes in warmer months.,-41.164,147.516,https://www.dorset.tas.gov.au/north-east-rail-trail
2,Scottsdale,Scottsdale off-lead area (18 Christopher St),Dog exercise area,Open area,Easy,Off lead,Council land where dogs can run off lead all year – good for a stretch after the drive from Devonport.,1,0,Children's Reserve & Memorial Park are dog-free; Northeast Park is on lead only.,-41.16,147.513,https://www.dorset.tas.gov.au/dogs
3,Scottsdale,Mt Stronach Summit,Bush walk,"5 km return, ~2.5 hrs",Moderate (steady climb),Check,"Peppermint & stringybark forest, granite slabs, panoramic views over the north-east, 1903 Federation cairn at the top.",5,4,"In Mt Stronach Regional Reserve – regional reserves usually allow dogs on a lead, but no official dog statement found. Check signage at the trailhead.",-41.195,147.49,https://www.northeasttasmania.com.au/cuckoo-falls/
4,Scottsdale,Hollybank Reserve forest walk (Underwood),Forest walk,~40 min,Easy,On lead,"Educational forest walk with interpretive signs, picnic grounds. Handy leg-stretch on the Launceston–Scottsdale drive.",42,4,Just off the Tasman Hwy on the Devonport → Scottsdale leg.,-41.3236,147.2177,https://www.examiner.com.au/story/6619711/your-guide-to-tasmanias-dog-friendly-hikes-and-beaches/
5,Scottsdale,Bridport Walking Track + Adams Beach,Coastal / river circuit,"11 km circuit, multiple entry points",Easy,On lead,"River, forest, foreshore and wildflower sections; secluded beaches; Aboriginal heritage. Adams Beach allows dogs OFF lead all year.",21,42,Wildflower Reserve: on lead 6am–7pm. Dogs prohibited on the foreshore east of the track from Granite Point to Anderson Bay. Eastmans/Goftons beaches on lead 1 Apr–1 Nov.,-41.001,147.39,https://www.dorset.tas.gov.au/dogs
6,Scottsdale → Beaumaris,"Goblin Forest Walk (Blue Tier, Poimena)",Rainforest walk,"~500 m–1 km loop, ~30 min",Easy,On lead,"Moss-covered myrtle rainforest, old tin-mining relics, alpine plateau car park at Poimena.",60,20,~9 km gravel up from Weldborough. Can be cold/foggy – take a jacket.,-41.186,147.945,https://www.examiner.com.au/story/6619711/your-guide-to-tasmanias-dog-friendly-hikes-and-beaches/
7,Scottsdale → Beaumaris,"Moon Valley Rim (Blue Tier, Poimena)",Bush walk,Sources vary: 3 km / ~2 hrs to 10 km,Moderate,On lead,Circuit around the rim below Mt Poimena with valley and mountain views across the Blue Tier.,60,20,Same car park as Goblin Forest – pair them. Confirm route length at the trailhead.,-41.188,147.943,https://www.examiner.com.au/story/6619711/your-guide-to-tasmanias-dog-friendly-hikes-and-beaches/
8,Beaumaris,Beaumaris Beach North (opposite Paddys Island),Beach,Long beach walk – as far as you like,Easy,Off lead,Long stretch of east-coast sand facing Paddys Island; 24-hour dog beach.,1,0,Right at your base. Check Break O'Day Council dog-zone signs for seasonal changes.,-41.412,148.285,https://pupsy.com.au/places/australia/tasmania/st-helens/dog-friendly-beach/beaumaris-beach-north-24h-dog-beach/
9,Beaumaris,Scamander Beach / Four Mile Creek / Mariposa Point,Beach,Beach walks,Easy,Off lead,"Scamander river mouth, surf beach and rocky points just south of Beaumaris. Council off-lead area.",7,0,Seasonal restrictions can apply near bird-breeding zones – check BODC dog-zones map.,-41.463,148.264,https://eastcoasttasmania.com/2020/12/the-best-dog-friendly-places-on-the-east-coast/
10,Beaumaris,St Helens foreshore (Stieglitz & Georges Bay),Foreshore path,"Flat, 1–5 km as you like",Easy,On lead,"Waterfront path around Georges Bay, cafés and fish-and-chips in town. St Helens also has an off-lead area.",12,0,On the route in from Scottsdale.,-41.321,148.244,https://eastcoasttasmania.com/2020/12/the-best-dog-friendly-places-on-the-east-coast/
11,Beaumaris,Humbug Point Loop,Coastal bush walk,"10 km, ~3 hrs",Moderate,On lead,"Nature recreation area on Georges Bay – orange-lichen granite, quiet coves, birdlife, coastal heath.",20,40,Parks & Wildlife confirm dogs on leads permitted.,-41.269,148.313,https://parks.tas.gov.au/where-to-stay/humbug-point-camping
12,Beaumaris,Peron Dunes,Dunes / beach,No set trail – explore,Easy–moderate,Check,Huge sand dunes and beach at the mouth of Georges Bay.,18,36,Listed as dog-friendly; 4WDs use the area. Check BODC dog-zone map for current lead rules.,-41.328,148.312,https://eastcoasttasmania.com/2020/12/the-best-dog-friendly-places-on-the-east-coast/
13,Beaumaris,"Bay of Fires – Cosy Corner, Swimcart Lagoon, Suicide Beach",Beach,Beach walks,Easy,On lead,"The famous white sand, turquoise water and orange-lichen granite boulders.",30,60,Dog access can be seasonal due to shorebird nesting. Don't go north into Mt William National Park – no dogs.,-41.2177,148.2933,https://www.examiner.com.au/story/6619711/your-guide-to-tasmanias-dog-friendly-hikes-and-beaches/
14,Beaumaris → Arthur River,Mt Gnomon (Penguin),Bush walk,"~2 km, ~1 hr",Moderate,On lead,Lush and eucalypt forest above Penguin – a good break on the long north-west coast drive.,,20,Between Devonport and Burnie.,-41.149,146.066,https://www.examiner.com.au/story/6619711/your-guide-to-tasmanias-dog-friendly-hikes-and-beaches/
15,Beaumaris → Arthur River,Hellyer Beach (Port Latta),Beach,Beach walk,Easy,Check,Quiet beach and river mouth just off the Bass Hwy between Wynyard and Smithton.,,4,Listed as dog-friendly; check local signs for lead rules.,-40.848,145.4,https://www.examiner.com.au/story/6619711/your-guide-to-tasmanias-dog-friendly-hikes-and-beaches/
16,Arthur River,Edge of the World (Gardiner Point),Short walk / lookout,~10 min,Easy,On lead,Viewing platform where the Arthur River meets the wild Southern Ocean; huge driftwood logs; BBQ & toilets.,1,0,Arthur-Pieman Conservation Area – dogs on leads permitted.,-41.054,144.661,https://parks.tas.gov.au/explore-our-parks/arthur-pieman-conservation-area
17,Arthur River,Arthur River Coastal Walk (river mouth → Church Rock),Coastal walk,~2.5 hrs return,Moderate,On lead,"Wild windswept coastline north from the river mouth to Church Rock – rocks, beaches, big seas.",1,0,Arthur-Pieman Conservation Area – dogs on leads permitted.,-41.046,144.666,https://discoverthetarkine.com.au/tarkine-drive/
18,Arthur River,Bluff Hill Point,Short coastal walk,Short,Easy,On lead,"Coastal lookout with beach access and lighthouse, just north of Arthur River.",8,0,On the road in from Marrawah/Smithton.,-40.98,144.666,https://discoverthetarkine.com.au/tarkine-drive/
19,Arthur River,Petroglyphs Coastal Walk – Sundown Point,Coastal walk,"3.6 km, ~1 hr 15 min",Easy,On lead,"Old 4WD track then beach, dolerite cliffs, ~2,000-year-old Aboriginal rock carvings.",12,10,"Start near Nelson Bay campground (ask the Arthur River Parks office for directions). Significant Aboriginal site – stay on track, keep dog close.",-41.1289,144.679,https://ssdavies.net/2024/04/25/petroglyphs-coastal-walk-laraturunawn-sundown-point-sundown-creek/
20,Strahan,Strahan Historic Foreshore Walk,Town foreshore,"Flat, ~30–60 min",Easy,On lead,"Macquarie Harbour waterfront with galleries and history pillars; dog-friendly cafés nearby (Coffee Shack, Risby Cove).",0,0,,-42.153,145.326,https://westcoasttas.com.au/blog/pet-friendly-accommodation-activities
21,Strahan,Hogarth Falls (People's Park),Rainforest walk,"~2.6 km return, ~50 min",Easy,On lead,Tall gums and temperate rainforest along Botanical Creek to the falls; platypus sometimes seen.,1,0,One of Tasmania's 60 Great Short Walks.,-42.15,145.335,https://pupsy.com.au/places/australia/tasmania/strahan/dog-friendly-hikes-and-walks/hogarth-falls-dog-friendly-walk-in-strahan/
22,Strahan,Ocean Beach,Beach,30+ km of beach,Easy,Off lead,Tasmania's longest beach – wild surf and famous sunsets.,6,12,On or off lead per West Coast tourism. Keep dogs away from the shearwater rookery (Sep–Apr). Not safe for swimming.,-42.1417,145.2567,https://westcoasttas.com.au/blog/pet-friendly-accommodation-activities
23,Strahan,Ocean Beach Trail,Shared trail,2 km each way (4 km return),Easy,On lead,Low-impact trail shared with bikes and horses.,5,10,,-42.145,145.28,https://westcoasttas.com.au/blog/pet-friendly-accommodation-activities
24,Strahan,Henty Dunes,Sand dunes,Explore – no set trail,Moderate (soft sand),Check,"Giant sand dunes up to ~30 m; sandboarding, picnic area.",14,0,On the Zeehan Rd you drive in on. Reported dog-friendly by Dog Friendly Tasmania – check signs.,-42.0621,145.2835,https://westcoasttas.com.au/listings/henty-sand-dunes
25,Strahan,Montezuma Falls (near Rosebery),Old tramway walk,"8 km return, ~3 hrs",Easy–moderate,On lead,"Old railway formation through rainforest to a 104 m waterfall; swing bridge, mine relics.",70,60,Detour from Zeehan (not on the Western Explorer). Worth a half-day.,-41.8277,145.5288,https://www.examiner.com.au/story/6619711/your-guide-to-tasmanias-dog-friendly-hikes-and-beaches/
26,Strahan,Horsetail Falls (Queenstown),Short walk,"~1.2 km return, ~30 min",Moderate (steps),On lead,Boardwalk to a seasonal 50 m waterfall with mountain views over the Queenstown moonscape.,45,90,Steps and drop-offs – keep dog close.,-42.0763,145.5846,https://westcoasttas.com.au/blog/pet-friendly-accommodation-activities
27,Beaumaris,St Columba Falls,Waterfall walk,1.2 km return,Easy,No dogs,90 m waterfall in rainforest near Pyengana.,,,State Reserve – dogs not permitted.,-41.3207,147.9936,https://tassiegetawayparks.com.au/sthelens/explore-st-helens/local-bush-walks
28,Beaumaris,Mt William National Park,National park,—,—,No dogs,Northern end of the Bay of Fires.,,,National Park – dogs not permitted. Stay south of the park boundary.,-40.94,148.2,https://www.examiner.com.au/story/6619711/your-guide-to-tasmanias-dog-friendly-hikes-and-beaches/
29,Arthur River,Trowutta Arch,Rainforest walk,~1.6 km return,Easy,No dogs,Collapsed-cave arch and sinkhole in the Tarkine.,,,Confirmed no dogs (Discover the Tarkine).,-41.0495,145.0608,https://discoverthetarkine.com.au/faqs/
30,Arthur River,West Point State Reserve,Coastal reserve,—,—,No dogs,"Big surf, Aboriginal heritage.",,,State Reserve – dogs not permitted.,-40.95,144.622,https://discoverthetarkine.com.au/tarkine-drive/
31,Strahan,Nelson Falls,Rainforest walk,~20 min return,Easy,No dogs,Popular falls on the Lyell Hwy.,,,Franklin-Gordon Wild Rivers National Park – dogs not permitted.,-42.1033,145.7417,https://parks.tas.gov.au/
